ID;total activity in sure;total activity in possible;total activity out sure;total activity out possible;total activity inout sure;total activity inout possible;SHA in sure percent;SHA in sure number;SHA out sure percent;SHA out sure number;SHA inout sure percent;SHA inout sure number;SHA not taken in sure percent;SHA not taken in sure number;SHA not taken out sure percent;SHA not taken out sure number;SHA not taken inout sure percent;SHA not taken inout sure number;SHA in possible number;SHA out possible number;SHA inout possible number;IN_NO_ALARM percent;IN_NO_ALARM number;IN_AFTER_ALARM percent;IN_AFTER_ALARM number;IN_DURING_ALARM percent;IN_DURING_ALARM number;IN_POSSIBLE_NO_ALARM percent;IN_POSSIBLE_NO_ALARM number;IN_POSSIBLE_AFTER_ALARM percent;IN_POSSIBLE_AFTER_ALARM number;IN_POSSIBLE_DURING_ALARM percent;IN_POSSIBLE_DURING_ALARM number;NOT_IN_NO_ALARM percent;NOT_IN_NO_ALARM number;NOT_IN_ALARM percent;NOT_IN_ALARM number;IN_WEIRD_SUR percent;IN_WEIRD_SUR number;IN_WEIRD_POSSIBLE percent;IN_WEIRD_POSSIBLE number;IN_IMPOSSIBLE_SUR percent;IN_IMPOSSIBLE_SUR number;OUT_NO_ALARM percent;OUT_NO_ALARM number;OUT_AFTER_ALARM percent;OUT_AFTER_ALARM number;OUT_DURING_ALARM percent;OUT_DURING_ALARM number;OUT_POSSIBLE_NO_ALARM percent;OUT_POSSIBLE_NO_ALARM number;OUT_POSSIBLE_AFTER_ALARM percent;OUT_POSSIBLE_AFTER_ALARM number;OUT_POSSIBLE_DURING_ALARM percent;OUT_POSSIBLE_DURING_ALARM number;NOT_OUT_NO_ALARM percent;NOT_OUT_NO_ALARM number;NOT_OUT_ALARM percent;NOT_OUT_ALARM number;OUT_WEIRD_SUR percent;OUT_WEIRD_SUR number;OUT_WEIRD_POSSIBLE percent;OUT_WEIRD_POSSIBLE number;OUT_IMPOSSIBLE_SUR percent;OUT_IMPOSSIBLE_SUR number;INOUT_NO_ALARM percent;INOUT_NO_ALARM number;INOUT_AFTER_ALARM percent;INOUT_AFTER_ALARM number;INOUT_DURING_ALARM percent;INOUT_DURING_ALARM number;INOUT_POSSIBLE_NO_ALARM percent;INOUT_POSSIBLE_NO_ALARM number;INOUT_POSSIBLE_AFTER_ALARM percent;INOUT_POSSIBLE_AFTER_ALARM number;INOUT_POSSIBLE_DURING_ALARM percent;INOUT_POSSIBLE_DURING_ALARM number;NOT_INOUT_NO_ALARM percent;NOT_INOUT_NO_ALARM number;NOT_INOUT_ALARM percent;NOT_INOUT_ALARM number;INOUT_WEIRD_SUR percent;INOUT_WEIRD_SUR number;INOUT_WEIRD_POSSIBLE percent;INOUT_WEIRD_POSSIBLE number;INOUT_IMPOSSIBLE_SUR percent;INOUT_IMPOSSIBLE_SUR number
0;0;0;0;0;0;0;0.00;0;0.00;0;0.00;0;0.00;0;0.00;0;0.00;0;0;0;0;0.00;0;0.00;0;0.00;0;0.00;0;0.00;0;0.00;0;0.00;0;0.00;0;0.00;0;0.00;0;0.00;0;0.00;0;0.00;0;0.00;0;0.00;0;0.00;0;0.00;0;0.00;0;0.00;0;0.00;0;0.00;0;0.00;0;0.00;0;0.00;0;0.00;0;0.00;0;0.00;0;0.00;0;0.00;0;0.00;0;0.00;0;0.00;0;0.00;0
5;1;0;1;0;0;0;100.00;1;0.00;0;0.00;0;0.00;0;100.00;1;0.00;0;0;0;0;100.00;1;0.00;0;0.00;0;0.00;0;0.00;0;0.00;0;0.00;0;0.00;0;0.00;0;0.00;0;0.00;0;0.00;0;0.00;0;0.00;0;0.00;0;0.00;0;0.00;0;100.00;1;0.00;0;0.00;0;0.00;0;0.00;0;0.00;0;0.00;0;0.00;0;0.00;0;0.00;0;0.00;0;0.00;0;0.00;0;0.00;0;0.00;0;0.00;0
402;5;0;5;0;0;0;40.00;2;40.00;2;0.00;0;60.00;3;60.00;3;0.00;0;0;0;0;50.00;1;50.00;1;0.00;0;0.00;0;0.00;0;0.00;0;66.67;2;33.33;1;0.00;0;0.00;0;0.00;0;100.00;2;0.00;0;0.00;0;0.00;0;0.00;0;0.00;0;100.00;3;0.00;0;0.00;0;0.00;0;0.00;0;0.00;0;0.00;0;0.00;0;0.00;0;0.00;0;0.00;0;0.00;0;0.00;0;0.00;0;0.00;0;0.00;0
404;602;3;587;18;77;0;16.11;97;25.38;149;19.48;15;81.06;488;68.82;404;80.52;62;3;9;0;70.10;68;29.90;29;0.00;0;0.00;0;100.00;3;0.00;0;44.06;215;55.94;273;0.03;17;0.00;0;0.00;0;83.22;124;16.78;25;0.00;0;100.00;9;0.00;0;0.00;0;48.51;196;51.49;208;0.06;34;0.50;9;0.00;0;86.67;13;13.33;2;0.00;0;0.00;0;0.00;0;0.00;0;67.74;42;32.26;20;0.00;0;0.00;0;0.00;0
412;5;1;4;2;0;0;0.00;0;0.00;0;0.00;0;80.00;4;100.00;4;0.00;0;0;1;0;0.00;0;0.00;0;0.00;0;0.00;0;0.00;0;0.00;0;50.00;2;50.00;2;0.20;1;1.00;1;0.00;0;0.00;0;0.00;0;0.00;0;100.00;1;0.00;0;0.00;0;100.00;4;0.00;0;0.00;0;0.50;1;0.00;0;0.00;0;0.00;0;0.00;0;0.00;0;0.00;0;0.00;0;0.00;0;0.00;0;0.00;0;0.00;0;0.00;0
425;10;0;10;0;3;0;0.00;0;30.00;3;100.00;3;100.00;10;70.00;7;0.00;0;0;0;0;0.00;0;0.00;0;0.00;0;0.00;0;0.00;0;0.00;0;50.00;5;50.00;5;0.00;0;0.00;0;0.00;0;66.67;2;33.33;1;0.00;0;0.00;0;0.00;0;0.00;0;42.86;3;57.14;4;0.00;0;0.00;0;0.00;0;100.00;3;0.00;0;0.00;0;0.00;0;0.00;0;0.00;0;0.00;0;0.00;0;0.00;0;0.00;0;0.00;0
435;115;15;95;35;12;0;17.39;20;26.32;25;66.67;8;82.61;95;71.58;68;33.33;4;9;31;0;100.00;20;0.00;0;0.00;0;77.78;7;22.22;2;0.00;0;71.58;68;28.42;27;0.00;0;0.40;6;0.00;0;100.00;25;0.00;0;0.00;0;87.10;27;3.23;1;9.68;3;69.12;47;30.88;21;0.02;2;0.11;4;0.00;0;100.00;8;0.00;0;0.00;0;0.00;0;0.00;0;0.00;0;25.00;1;75.00;3;0.00;0;0.00;0;0.00;0
446;101;15;83;33;15;0;20.79;21;21.69;18;40.00;6;78.22;79;80.72;67;60.00;9;9;30;0;85.71;18;14.29;3;0.00;0;55.56;5;44.44;4;0.00;0;72.15;57;27.85;22;0.06;6;0.40;6;0.00;0;77.78;14;11.11;2;11.11;2;86.67;26;3.33;1;10.00;3;52.24;35;47.76;32;0.04;3;0.09;3;0.00;0;100.00;6;0.00;0;0.00;0;0.00;0;0.00;0;0.00;0;44.44;4;55.56;5;0.00;0;0.00;0;0.00;0
501;91;1;85;7;12;0;46.15;42;35.29;30;8.33;1;53.85;49;62.35;53;91.67;11;0;5;0;97.62;41;2.38;1;0.00;0;0.00;0;0.00;0;0.00;0;93.88;46;6.12;3;0.00;0;1.00;1;0.00;0;70.00;21;30.00;9;0.00;0;100.00;5;0.00;0;0.00;0;92.45;49;7.55;4;0.02;2;0.29;2;0.00;0;100.00;1;0.00;0;0.00;0;0.00;0;0.00;0;0.00;0;81.82;9;18.18;2;0.00;0;0.00;0;0.00;0
530;9264;234;8896;602;1296;6;4.45;412;7.25;645;5.86;76;94.65;8768;91.66;8154;93.90;1217;170;469;5;67.48;278;32.04;132;0.49;2;16.47;28;82.35;140;1.18;2;46.32;4061;53.68;4707;0.01;82;0.28;66;0.00;0;76.28;492;23.41;151;0.31;2;67.59;317;31.34;147;1.07;5;46.64;3803;53.36;4351;0.01;97;0.22;133;0.00;0;89.47;68;10.53;8;0.00;0;40.00;2;60.00;3;0.00;0;45.44;553;54.56;664;0.00;3;0.17;1;0.00;0
534;49;0;48;1;25;0;24.49;12;22.92;11;52.00;13;71.43;35;60.42;29;40.00;10;0;0;0;91.67;11;8.33;1;0.00;0;0.00;0;0.00;0;0.00;0;68.57;24;31.43;11;0.04;2;0.00;0;0.00;0;90.91;10;9.09;1;0.00;0;0.00;0;0.00;0;0.00;0;37.93;11;62.07;18;0.17;8;1.00;1;0.00;0;100.00;13;0.00;0;0.00;0;0.00;0;0.00;0;0.00;0;70.00;7;30.00;3;0.08;2;0.00;0;0.00;0
581;132;4;114;22;15;1;45.45;60;43.86;50;33.33;5;53.03;70;52.63;60;66.67;10;4;17;0;91.67;55;8.33;5;0.00;0;100.00;4;0.00;0;0.00;0;62.86;44;37.14;26;0.02;2;0.00;0;0.00;0;90.00;45;10.00;5;0.00;0;82.35;14;17.65;3;0.00;0;58.33;35;41.67;25;0.04;4;0.23;5;0.00;0;100.00;5;0.00;0;0.00;0;0.00;0;0.00;0;0.00;0;40.00;4;60.00;6;0.00;0;1.00;1;0.00;0
598;8;0;7;1;0;0;50.00;4;28.57;2;0.00;0;50.00;4;71.43;5;0.00;0;0;1;0;50.00;2;50.00;2;0.00;0;0.00;0;0.00;0;0.00;0;100.00;4;0.00;0;0.00;0;0.00;0;0.00;0;0.00;0;0.00;0;100.00;2;0.00;0;0.00;0;100.00;1;80.00;4;20.00;1;0.00;0;0.00;0;0.00;0;0.00;0;0.00;0;0.00;0;0.00;0;0.00;0;0.00;0;0.00;0;0.00;0;0.00;0;0.00;0;0.00;0
605;7;2;7;2;0;0;14.29;1;14.29;1;0.00;0;71.43;5;85.71;6;0.00;0;0;1;0;0.00;0;100.00;1;0.00;0;0.00;0;0.00;0;0.00;0;60.00;3;40.00;2;0.14;1;1.00;2;0.00;0;0.00;0;0.00;0;100.00;1;100.00;1;0.00;0;0.00;0;33.33;2;66.67;4;0.00;0;0.50;1;0.00;0;0.00;0;0.00;0;0.00;0;0.00;0;0.00;0;0.00;0;0.00;0;0.00;0;0.00;0;0.00;0;0.00;0
611;2;0;2;0;1;0;0.00;0;0.00;0;0.00;0;100.00;2;100.00;2;100.00;1;0;0;0;0.00;0;0.00;0;0.00;0;0.00;0;0.00;0;0.00;0;100.00;2;0.00;0;0.00;0;0.00;0;0.00;0;0.00;0;0.00;0;0.00;0;0.00;0;0.00;0;0.00;0;100.00;2;0.00;0;0.00;0;0.00;0;0.00;0;0.00;0;0.00;0;0.00;0;0.00;0;0.00;0;0.00;0;100.00;1;0.00;0;0.00;0;0.00;0;0.00;0
620;139;5;135;9;30;0;50.36;70;34.81;47;56.67;17;46.76;65;62.96;85;43.33;13;3;5;0;84.29;59;15.71;11;0.00;0;0.00;0;100.00;3;0.00;0;58.46;38;41.54;27;0.03;4;0.40;2;0.00;0;100.00;47;0.00;0;0.00;0;60.00;3;40.00;2;0.00;0;70.59;60;29.41;25;0.02;3;0.44;4;0.00;0;100.00;17;0.00;0;0.00;0;0.00;0;0.00;0;0.00;0;53.85;7;46.15;6;0.00;0;0.00;0;0.00;0
685;63;0;63;0;19;0;30.16;19;25.40;16;15.79;3;68.25;43;69.84;44;84.21;16;0;0;0;73.68;14;26.32;5;0.00;0;0.00;0;0.00;0;0.00;0;62.79;27;37.21;16;0.02;1;0.00;0;0.00;0;93.75;15;6.25;1;0.00;0;0.00;0;0.00;0;0.00;0;36.36;16;63.64;28;0.05;3;0.00;0;0.00;0;100.00;3;0.00;0;0.00;0;0.00;0;0.00;0;0.00;0;68.75;11;31.25;5;0.00;0;0.00;0;0.00;0
688;4;0;4;0;0;0;0.00;0;0.00;0;0.00;0;100.00;4;100.00;4;0.00;0;0;0;0;0.00;0;0.00;0;0.00;0;0.00;0;0.00;0;0.00;0;100.00;4;0.00;0;0.00;0;0.00;0;0.00;0;0.00;0;0.00;0;0.00;0;0.00;0;0.00;0;0.00;0;100.00;4;0.00;0;0.00;0;0.00;0;0.00;0;0.00;0;0.00;0;0.00;0;0.00;0;0.00;0;0.00;0;0.00;0;0.00;0;0.00;0;0.00;0;0.00;0
694;6;0;4;2;2;0;0.00;0;0.00;0;100.00;2;100.00;6;100.00;4;0.00;0;0;2;0;0.00;0;0.00;0;0.00;0;0.00;0;0.00;0;0.00;0;66.67;4;33.33;2;0.00;0;0.00;0;0.00;0;0.00;0;0.00;0;0.00;0;0.00;0;100.00;2;0.00;0;50.00;2;50.00;2;0.00;0;0.00;0;0.00;0;100.00;2;0.00;0;0.00;0;0.00;0;0.00;0;0.00;0;0.00;0;0.00;0;0.00;0;0.00;0;0.00;0
697;310;10;275;45;56;1;71.61;222;48.73;134;91.07;51;28.39;88;50.91;140;8.93;5;8;42;1;95.50;212;4.50;10;0.00;0;25.00;2;75.00;6;0.00;0;68.18;60;31.82;28;0.00;0;0.20;2;0.00;0;94.03;126;5.97;8;0.00;0;95.24;40;4.76;2;0.00;0;88.57;124;11.43;16;0.00;1;0.07;3;0.00;0;88.24;45;11.76;6;0.00;0;0.00;0;100.00;1;0.00;0;40.00;2;60.00;3;0.00;0;0.00;0;0.00;0
698;6;0;6;0;2;0;0.00;0;33.33;2;0.00;0;100.00;6;66.67;4;100.00;2;0;0;0;0.00;0;0.00;0;0.00;0;0.00;0;0.00;0;0.00;0;66.67;4;33.33;2;0.00;0;0.00;0;0.00;0;100.00;2;0.00;0;0.00;0;0.00;0;0.00;0;0.00;0;50.00;2;50.00;2;0.00;0;0.00;0;0.00;0;0.00;0;0.00;0;0.00;0;0.00;0;0.00;0;0.00;0;0.00;0;100.00;2;0.00;0;0.00;0;0.00;0
699;283;7;250;40;27;0;36.75;104;54.80;137;59.26;16;62.54;177;42.80;107;40.74;11;5;35;0;85.58;89;14.42;15;0.00;0;40.00;2;60.00;3;0.00;0;73.45;130;26.55;47;0.01;2;0.29;2;0.00;0;91.24;125;8.76;12;0.00;0;88.57;31;11.43;4;0.00;0;59.81;64;40.19;43;0.02;6;0.12;5;0.00;0;87.50;14;12.50;2;0.00;0;0.00;0;0.00;0;0.00;0;27.27;3;72.73;8;0.00;0;0.00;0;0.00;0
702;277;21;235;63;78;4;37.55;104;33.62;79;61.54;48;62.09;172;65.53;154;38.46;30;15;55;3;90.38;94;9.62;10;0.00;0;40.00;6;60.00;9;0.00;0;63.95;110;36.05;62;0.00;1;0.29;6;0.00;0;87.34;69;12.66;10;0.00;0;83.64;46;16.36;9;0.00;0;66.23;102;33.77;52;0.01;2;0.13;8;0.00;0;93.75;45;6.25;3;0.00;0;0.00;0;100.00;3;0.00;0;40.00;12;60.00;18;0.00;0;0.25;1;0.00;0
708;8141;38;8030;149;1336;4;15.15;1233;21.13;1697;26.50;354;82.05;6680;74.23;5961;72.83;973;21;108;1;79.08;975;20.92;258;0.00;0;33.33;7;66.67;14;0.00;0;47.87;3198;52.13;3482;0.03;228;0.45;17;0.00;0;85.80;1456;14.20;241;0.00;0;72.22;78;27.78;30;0.00;0;49.54;2953;50.46;3008;0.05;372;0.28;41;0.00;0;96.33;341;3.67;13;0.00;0;100.00;1;0.00;0;0.00;0;41.21;401;58.79;572;0.01;9;0.75;3;0.00;0
712;4262;76;4149;189;658;0;5.44;232;9.79;406;6.99;46;93.90;4002;88.65;3678;92.55;609;51;157;0;56.03;130;43.97;102;0.00;0;13.73;7;86.27;44;0.00;0;46.45;1859;53.55;2143;0.01;32;0.33;25;0.00;0;73.89;300;25.86;105;0.25;1;64.33;101;33.76;53;1.91;3;39.02;1435;60.98;2243;0.02;69;0.17;32;0.00;0;89.13;41;10.87;5;0.00;0;0.00;0;0.00;0;0.00;0;45.65;278;54.35;331;0.00;3;0.00;0;0.00;0
714;277;3;250;30;58;2;50.18;139;35.60;89;70.69;41;44.77;124;60.80;152;27.59;16;3;24;2;93.53;130;6.47;9;0.00;0;0.00;0;100.00;3;0.00;0;71.77;89;28.23;35;0.05;14;0.00;0;0.00;0;94.38;84;5.62;5;0.00;0;87.50;21;12.50;3;0.00;0;66.45;101;33.55;51;0.04;9;0.20;6;0.00;0;97.56;40;2.44;1;0.00;0;0.00;0;100.00;2;0.00;0;81.25;13;18.75;3;0.02;1;0.00;0;0.00;0
716;4;0;4;0;0;0;0.00;0;25.00;1;0.00;0;100.00;4;75.00;3;0.00;0;0;0;0;0.00;0;0.00;0;0.00;0;0.00;0;0.00;0;0.00;0;75.00;3;25.00;1;0.00;0;0.00;0;0.00;0;0.00;0;100.00;1;0.00;0;0.00;0;0.00;0;0.00;0;33.33;1;66.67;2;0.00;0;0.00;0;0.00;0;0.00;0;0.00;0;0.00;0;0.00;0;0.00;0;0.00;0;0.00;0;0.00;0;0.00;0;0.00;0;0.00;0
717;20;0;19;1;7;0;15.00;3;0.00;0;0.00;0;85.00;17;94.74;18;100.00;7;0;1;0;0.00;0;100.00;3;0.00;0;0.00;0;0.00;0;0.00;0;70.59;12;29.41;5;0.00;0;0.00;0;0.00;0;0.00;0;0.00;0;0.00;0;100.00;1;0.00;0;0.00;0;33.33;6;66.67;12;0.05;1;0.00;0;0.00;0;0.00;0;0.00;0;0.00;0;0.00;0;0.00;0;0.00;0;14.29;1;85.71;6;0.00;0;0.00;0;0.00;0
719;3117;73;3052;138;488;2;1.28;40;3.34;102;1.64;8;98.46;3069;95.97;2929;98.36;480;53;117;2;67.50;27;32.50;13;0.00;0;13.21;7;86.79;46;0.00;0;44.57;1368;55.43;1701;0.00;13;0.27;20;0.00;0;71.57;73;27.45;28;0.98;1;64.10;75;33.33;39;2.56;3;30.62;897;69.38;2032;0.01;26;0.15;21;0.00;0;75.00;6;25.00;2;0.00;0;50.00;1;50.00;1;0.00;0;51.67;248;48.33;232;0.00;0;0.00;0;0.00;0
721;276;5;263;18;24;0;34.78;96;25.48;67;33.33;8;59.42;164;66.54;175;66.67;16;5;15;0;92.71;89;7.29;7;0.00;0;100.00;5;0.00;0;0.00;0;51.22;84;48.78;80;0.06;16;0.00;0;0.00;0;92.54;62;7.46;5;0.00;0;86.67;13;13.33;2;0.00;0;46.86;82;53.14;93;0.08;21;0.17;3;0.00;0;100.00;8;0.00;0;0.00;0;0.00;0;0.00;0;0.00;0;50.00;8;50.00;8;0.00;0;0.00;0;0.00;0
723;4;0;4;0;0;0;0.00;0;0.00;0;0.00;0;100.00;4;100.00;4;0.00;0;0;0;0;0.00;0;0.00;0;0.00;0;0.00;0;0.00;0;0.00;0;25.00;1;75.00;3;0.00;0;0.00;0;0.00;0;0.00;0;0.00;0;0.00;0;0.00;0;0.00;0;0.00;0;25.00;1;75.00;3;0.00;0;0.00;0;0.00;0;0.00;0;0.00;0;0.00;0;0.00;0;0.00;0;0.00;0;0.00;0;0.00;0;0.00;0;0.00;0;0.00;0
725;8202;173;7901;474;561;4;19.57;1605;20.92;1653;31.19;175;76.49;6274;74.70;5902;68.27;383;101;367;2;52.65;845;47.35;760;0.00;0;23.76;24;76.24;77;0.00;0;43.08;2703;56.92;3571;0.04;340;0.42;72;0.00;0;73.68;1218;26.32;435;0.00;0;75.48;277;23.43;86;1.09;4;48.51;2863;51.49;3039;0.05;363;0.23;107;0.00;0;48.57;85;51.43;90;0.00;0;50.00;1;50.00;1;0.00;0;27.68;106;72.32;277;0.01;3;0.50;2;0.00;0
726;447;17;384;80;93;9;48.55;217;34.11;131;79.57;74;49.22;220;65.36;251;20.43;19;12;61;5;97.70;212;2.30;5;0.00;0;0.00;0;100.00;12;0.00;0;56.36;124;43.64;96;0.02;10;0.29;5;0.00;0;93.13;122;6.87;9;0.00;0;88.52;54;11.48;7;0.00;0;76.10;191;23.90;60;0.01;2;0.24;19;0.00;0;100.00;74;0.00;0;0.00;0;100.00;5;0.00;0;0.00;0;52.63;10;47.37;9;0.00;0;0.44;4;0.00;0
727;8349;108;8135;322;1253;4;10.86;907;23.49;1911;24.34;305;87.40;7297;72.33;5884;75.42;945;81;262;3;61.30;556;38.70;351;0.00;0;16.05;13;83.95;68;0.00;0;43.85;3200;56.15;4097;0.02;165;0.25;27;0.00;0;78.70;1504;21.14;404;0.16;3;70.99;186;28.63;75;0.38;1;43.25;2545;56.75;3339;0.04;360;0.19;60;0.00;0;93.11;284;6.89;21;0.00;0;0.00;0;100.00;3;0.00;0;37.88;358;62.12;587;0.00;6;0.25;1;0.00;0
729;2595;22;2529;88;615;2;7.44;193;24.91;630;20.16;124;91.87;2384;74.42;1882;80.16;493;14;75;1;56.48;109;43.52;84;0.00;0;28.57;4;71.43;10;0.00;0;35.36;843;64.64;1541;0.01;29;0.36;8;0.00;0;74.29;468;25.71;162;0.00;0;76.00;57;24.00;18;0.00;0;43.94;827;56.06;1055;0.01;28;0.15;13;0.00;0;73.39;91;26.61;33;0.00;0;0.00;0;100.00;1;0.00;0;19.68;97;80.32;396;0.00;0;0.50;1;0.00;0
730;13;0;11;2;0;0;0.00;0;18.18;2;0.00;0;100.00;13;81.82;9;0.00;0;0;1;0;0.00;0;0.00;0;0.00;0;0.00;0;0.00;0;0.00;0;100.00;13;0.00;0;0.00;0;0.00;0;0.00;0;100.00;2;0.00;0;0.00;0;100.00;1;0.00;0;0.00;0;100.00;9;0.00;0;0.00;0;0.50;1;0.00;0;0.00;0;0.00;0;0.00;0;0.00;0;0.00;0;0.00;0;0.00;0;0.00;0;0.00;0;0.00;0;0.00;0
731;3519;26;3480;65;383;1;14.66;516;23.99;835;22.98;88;81.87;2881;69.40;2415;76.76;294;14;37;1;69.96;361;30.04;155;0.00;0;14.29;2;85.71;12;0.00;0;44.29;1276;55.71;1605;0.04;139;0.46;12;0.00;0;76.41;638;23.59;197;0.00;0;89.19;33;10.81;4;0.00;0;43.19;1043;56.81;1372;0.07;247;0.43;28;0.00;0;93.18;82;6.82;6;0.00;0;0.00;0;100.00;1;0.00;0;43.54;128;56.46;166;0.01;5;0.00;0;0.00;0
732;7349;130;7142;337;1206;4;11.81;868;23.86;1704;26.04;314;86.92;6388;74.40;5314;74.05;893;90;274;3;61.06;530;38.94;338;0.00;0;14.44;13;85.56;77;0.00;0;41.95;2680;58.05;3708;0.02;123;0.31;40;0.00;0;76.94;1311;23.06;393;0.00;0;72.99;200;27.01;74;0.00;0;47.50;2524;52.50;2790;0.02;154;0.19;63;0.00;0;71.66;225;28.34;89;0.00;0;33.33;1;66.67;2;0.00;0;31.58;282;68.42;611;0.00;3;0.25;1;0.00;0
733;3;0;3;0;1;0;0.00;0;100.00;3;100.00;1;100.00;3;0.00;0;0.00;0;0;0;0;0.00;0;0.00;0;0.00;0;0.00;0;0.00;0;0.00;0;100.00;3;0.00;0;0.00;0;0.00;0;0.00;0;100.00;3;0.00;0;0.00;0;0.00;0;0.00;0;0.00;0;0.00;0;0.00;0;0.00;0;0.00;0;0.00;0;100.00;1;0.00;0;0.00;0;0.00;0;0.00;0;0.00;0;0.00;0;0.00;0;0.00;0;0.00;0;0.00;0
736;1504;31;1465;70;194;0;7.11;107;19.04;279;20.10;39;94.22;1417;80.68;1182;81.44;158;19;48;0;62.62;67;37.38;40;0.00;0;10.53;2;89.47;17;0.00;0;42.41;601;57.59;816;0.01;15;0.39;12;0.00;0;75.63;211;24.37;68;0.00;0;75.00;36;25.00;12;0.00;0;33.84;400;66.16;782;0.03;39;0.31;22;0.00;0;76.92;30;23.08;9;0.00;0;0.00;0;0.00;0;0.00;0;42.41;67;57.59;91;0.00;0;0.00;0;0.00;0
747;52;2;52;2;4;0;7.69;4;7.69;4;25.00;1;96.15;50;96.15;50;75.00;3;2;1;0;50.00;2;50.00;2;0.00;0;0.00;0;100.00;2;0.00;0;40.00;20;60.00;30;0.00;0;0.00;0;0.00;0;100.00;4;0.00;0;0.00;0;100.00;1;0.00;0;0.00;0;62.00;31;38.00;19;0.00;0;0.50;1;0.00;0;0.00;0;100.00;1;0.00;0;0.00;0;0.00;0;0.00;0;0.00;0;100.00;3;0.00;0;0.00;0;0.00;0
751;4;0;4;0;0;0;0.00;0;0.00;0;0.00;0;100.00;4;100.00;4;0.00;0;0;0;0;0.00;0;0.00;0;0.00;0;0.00;0;0.00;0;0.00;0;50.00;2;50.00;2;0.00;0;0.00;0;0.00;0;0.00;0;0.00;0;0.00;0;0.00;0;0.00;0;0.00;0;50.00;2;50.00;2;0.00;0;0.00;0;0.00;0;0.00;0;0.00;0;0.00;0;0.00;0;0.00;0;0.00;0;0.00;0;0.00;0;0.00;0;0.00;0;0.00;0
753;30;3;28;5;1;0;6.67;2;3.57;1;0.00;0;90.00;27;92.86;26;100.00;1;2;3;0;100.00;2;0.00;0;0.00;0;100.00;2;0.00;0;0.00;0;92.59;25;7.41;2;0.03;1;0.33;1;0.00;0;100.00;1;0.00;0;0.00;0;100.00;3;0.00;0;0.00;0;92.31;24;7.69;2;0.04;1;0.40;2;0.00;0;0.00;0;0.00;0;0.00;0;0.00;0;0.00;0;0.00;0;100.00;1;0.00;0;0.00;0;0.00;0;0.00;0
754;8093;158;7823;428;616;8;15.32;1240;35.49;2776;34.90;215;83.69;6773;61.56;4816;64.45;397;102;353;6;51.29;636;48.71;604;0.00;0;8.82;9;91.18;93;0.00;0;38.54;2610;61.46;4163;0.02;127;0.35;56;0.00;0;70.64;1961;29.29;813;0.07;2;79.89;282;19.83;70;0.28;1;52.82;2544;47.18;2272;0.04;278;0.18;75;0.00;0;46.51;100;53.49;115;0.00;0;50.00;3;50.00;3;0.00;0;26.20;104;73.80;293;0.01;4;0.25;2;0.00;0
755;8799;142;8558;383;1097;5;5.92;521;11.33;970;11.39;125;93.35;8214;87.38;7478;89.06;977;100;295;4;62.57;326;37.43;195;0.00;0;13.00;13;86.00;86;1.00;1;43.73;3592;56.27;4622;0.02;141;0.30;42;0.00;0;71.13;690;28.87;280;0.00;0;66.78;197;31.19;92;2.03;6;39.03;2919;60.97;4559;0.02;187;0.23;88;0.00;0;77.60;97;22.40;28;0.00;0;0.00;0;100.00;4;0.00;0;35.72;349;64.28;628;0.00;2;0.20;1;0.00;0
756;6;0;6;0;0;0;0.00;0;0.00;0;0.00;0;100.00;6;100.00;6;0.00;0;0;0;0;0.00;0;0.00;0;0.00;0;0.00;0;0.00;0;0.00;0;100.00;6;0.00;0;0.00;0;0.00;0;0.00;0;0.00;0;0.00;0;0.00;0;0.00;0;0.00;0;0.00;0;100.00;6;0.00;0;0.00;0;0.00;0;0.00;0;0.00;0;0.00;0;0.00;0;0.00;0;0.00;0;0.00;0;0.00;0;0.00;0;0.00;0;0.00;0;0.00;0
761;6286;129;6054;361;845;0;14.03;882;23.84;1443;19.41;164;84.16;5290;73.95;4477;80.36;679;93;298;0;61.68;544;38.32;338;0.00;0;21.51;20;78.49;73;0.00;0;41.78;2210;58.22;3080;0.03;165;0.28;36;0.00;0;74.57;1076;25.43;367;0.00;0;74.16;221;24.83;74;1.01;3;45.92;2056;54.08;2421;0.03;185;0.17;63;0.00;0;82.32;135;17.68;29;0.00;0;0.00;0;0.00;0;0.00;0;37.85;257;62.15;422;0.01;7;0.00;0;0.00;0
763;7;2;2;7;1;0;0.00;0;0.00;0;0.00;0;100.00;7;100.00;2;100.00;1;2;5;0;0.00;0;0.00;0;0.00;0;100.00;2;0.00;0;0.00;0;71.43;5;28.57;2;0.00;0;0.00;0;0.00;0;0.00;0;0.00;0;0.00;0;60.00;3;40.00;2;0.00;0;100.00;2;0.00;0;0.00;0;0.29;2;0.00;0;0.00;0;0.00;0;0.00;0;0.00;0;0.00;0;0.00;0;100.00;1;0.00;0;0.00;0;0.00;0;0.00;0
804;1496;37;1434;99;224;3;10.70;160;14.37;206;18.75;42;88.90;1330;84.94;1218;80.80;181;29;91;3;63.75;102;36.25;58;0.00;0;31.03;9;68.97;20;0.00;0;46.47;618;53.53;712;0.02;24;0.22;8;0.00;0;83.98;173;16.02;33;0.00;0;75.82;69;23.08;21;1.10;1;49.84;607;50.16;611;0.02;28;0.08;8;0.00;0;90.48;38;9.52;4;0.00;0;100.00;3;0.00;0;0.00;0;56.35;102;43.65;79;0.00;1;0.00;0;0.00;0
811;325;8;293;40;28;1;42.77;139;31.06;91;46.43;13;51.38;167;61.77;181;46.43;13;3;33;0;90.65;126;9.35;13;0.00;0;0.00;0;100.00;3;0.00;0;60.48;101;39.52;66;0.06;19;0.62;5;0.00;0;85.71;78;14.29;13;0.00;0;90.91;30;9.09;3;0.00;0;49.72;90;50.28;91;0.07;21;0.17;7;0.00;0;100.00;13;0.00;0;0.00;0;0.00;0;0.00;0;0.00;0;0.00;0;100.00;13;0.07;2;1.00;1;0.00;0
812;3457;118;3289;286;565;2;6.83;236;11.04;363;13.45;76;92.59;3201;88.11;2898;86.19;487;92;242;0;72.88;172;27.12;64;0.00;0;35.87;33;64.13;59;0.00;0;47.77;1529;52.23;1672;0.01;37;0.22;26;0.00;0;80.99;294;19.01;69;0.00;0;71.90;174;28.10;68;0.00;0;58.80;1704;41.20;1194;0.01;45;0.15;44;0.00;0;81.58;62;18.42;14;0.00;0;0.00;0;0.00;0;0.00;0;45.17;220;54.83;267;0.01;4;1.00;2;0.00;0
813;20;0;20;0;12;0;45.00;9;35.00;7;66.67;8;45.00;9;65.00;13;33.33;4;0;0;0;100.00;9;0.00;0;0.00;0;0.00;0;0.00;0;0.00;0;55.56;5;44.44;4;0.10;2;0.00;0;0.00;0;85.71;6;14.29;1;0.00;0;0.00;0;0.00;0;0.00;0;69.23;9;30.77;4;0.00;0;0.00;0;0.00;0;100.00;8;0.00;0;0.00;0;0.00;0;0.00;0;0.00;0;50.00;2;50.00;2;0.00;0;0.00;0;0.00;0
814;4765;113;4585;293;850;8;27.45;1308;30.86;1415;41.76;355;71.02;3384;67.50;3095;57.88;492;85;241;7;78.75;1030;21.25;278;0.00;0;27.06;23;72.94;62;0.00;0;54.88;1857;45.12;1527;0.02;98;0.25;28;0.00;0;79.72;1128;20.28;287;0.00;0;72.61;175;27.39;66;0.00;0;56.28;1742;43.72;1353;0.02;100;0.18;52;0.00;0;80.85;287;19.15;68;0.00;0;71.43;5;28.57;2;0.00;0;40.85;201;59.15;291;0.00;3;0.12;1;0.00;0
816;2119;33;2044;108;281;2;20.81;441;37.67;770;45.55;128;76.40;1619;59.39;1214;53.74;151;21;87;2;67.57;298;32.43;143;0.00;0;33.33;7;66.67;14;0.00;0;51.88;840;48.12;779;0.03;74;0.36;12;0.00;0;77.66;598;22.34;172;0.00;0;75.86;66;22.99;20;1.15;1;50.58;614;49.42;600;0.04;75;0.19;21;0.00;0;92.97;119;7.03;9;0.00;0;0.00;0;100.00;2;0.00;0;81.46;123;18.54;28;0.01;2;0.00;0;0.00;0
817;312;8;292;28;57;0;39.74;124;30.82;90;43.86;25;56.09;175;63.70;186;56.14;32;4;20;0;92.74;115;7.26;9;0.00;0;50.00;2;50.00;2;0.00;0;61.71;108;38.29;67;0.04;13;0.50;4;0.00;0;85.56;77;14.44;13;0.00;0;70.00;14;30.00;6;0.00;0;63.44;118;36.56;68;0.05;16;0.29;8;0.00;0;100.00;25;0.00;0;0.00;0;0.00;0;0.00;0;0.00;0;50.00;16;50.00;16;0.00;0;0.00;0;0.00;0
818;238;13;213;38;61;1;28.57;68;19.25;41;50.82;31;68.91;164;78.40;167;49.18;30;11;27;1;97.06;66;2.94;2;0.00;0;72.73;8;27.27;3;0.00;0;77.44;127;22.56;37;0.03;6;0.15;2;0.00;0;92.68;38;7.32;3;0.00;0;74.07;20;25.93;7;0.00;0;54.49;91;45.51;76;0.02;5;0.29;11;0.00;0;100.00;31;0.00;0;0.00;0;100.00;1;0.00;0;0.00;0;63.33;19;36.67;11;0.00;0;0.00;0;0.00;0
819;5688;162;5379;471;969;18;13.66;777;18.54;997;23.74;230;84.92;4830;79.77;4291;75.54;732;119;388;10;73.23;569;26.77;208;0.00;0;36.13;43;63.87;76;0.00;0;52.36;2529;47.64;2301;0.02;113;0.27;43;0.00;0;77.93;777;22.07;220;0.00;0;79.38;308;19.85;77;0.77;3;57.24;2456;42.76;1835;0.02;123;0.18;83;0.00;0;83.04;191;16.96;39;0.00;0;20.00;2;80.00;8;0.00;0;45.90;336;54.10;396;0.01;13;0.44;8;0.00;0
820;3220;106;3128;198;258;4;3.48;112;4.96;155;6.98;18;95.96;3090;94.31;2950;92.25;238;69;147;1;41.07;46;58.93;66;0.00;0;14.49;10;85.51;59;0.00;0;36.76;1136;63.24;1954;0.01;34;0.35;37;0.00;0;72.26;112;27.74;43;0.00;0;76.87;113;21.09;31;2.04;3;51.80;1528;48.20;1422;0.01;39;0.26;51;0.00;0;50.00;9;50.00;9;0.00;0;100.00;1;0.00;0;0.00;0;33.19;79;66.81;159;0.01;2;0.75;3;0.00;0
821;1324;31;1287;68;159;1;7.78;103;11.97;154;12.58;20;90.56;1199;86.09;1108;87.42;139;21;53;1;49.51;51;50.49;52;0.00;0;42.86;9;57.14;12;0.00;0;45.79;549;54.21;650;0.03;38;0.32;10;0.00;0;75.32;116;24.68;38;0.00;0;67.92;36;32.08;17;0.00;0;35.20;390;64.80;718;0.03;41;0.22;15;0.00;0;100.00;20;0.00;0;0.00;0;0.00;0;100.00;1;0.00;0;35.25;49;64.75;90;0.00;0;0.00;0;0.00;0
822;4076;112;3916;272;330;5;13.05;532;9.14;358;12.73;42;86.14;3511;90.07;3527;86.97;287;88;229;5;85.90;457;14.10;75;0.00;0;17.05;15;79.55;70;3.41;3;54.23;1904;45.77;1607;0.01;58;0.24;27;0.00;0;83.52;299;16.20;58;0.28;1;70.74;162;28.82;66;0.44;1;61.19;2158;38.81;1369;0.02;59;0.16;43;0.00;0;88.10;37;11.90;5;0.00;0;60.00;3;40.00;2;0.00;0;44.95;129;55.05;158;0.02;5;0.00;0;0.00;0
823;3951;118;3833;236;635;2;11.49;454;13.46;516;12.91;82;87.04;3439;85.29;3269;87.40;555;90;196;1;75.77;344;24.23;110;0.00;0;18.89;17;81.11;73;0.00;0;40.13;1380;59.87;2059;0.02;74;0.24;28;0.00;0;79.26;409;20.74;107;0.00;0;69.90;137;29.08;57;1.02;2;50.75;1659;49.25;1610;0.02;64;0.17;40;0.00;0;90.24;74;9.76;8;0.00;0;0.00;0;100.00;1;0.00;0;41.26;229;58.74;326;0.00;0;0.50;1;0.00;0
824;152;3;143;12;39;0;36.18;55;14.69;21;43.59;17;59.21;90;71.33;102;56.41;22;3;12;0;96.36;53;3.64;2;0.00;0;66.67;2;33.33;1;0.00;0;64.44;58;35.56;32;0.05;7;0.00;0;0.00;0;90.48;19;9.52;2;0.00;0;83.33;10;16.67;2;0.00;0;47.06;48;52.94;54;0.14;20;0.00;0;0.00;0;100.00;17;0.00;0;0.00;0;0.00;0;0.00;0;0.00;0;68.18;15;31.82;7;0.00;0;0.00;0;0.00;0
828;98;0;93;5;7;0;4.08;4;5.38;5;0.00;0;96.94;95;95.70;89;114.29;8;0;3;0;100.00;4;0.00;0;0.00;0;0.00;0;0.00;0;0.00;0;61.05;58;38.95;37;0.00;0;0.00;0;0.00;0;80.00;4;20.00;1;0.00;0;100.00;3;0.00;0;0.00;0;53.93;48;46.07;41;0.00;0;0.40;2;0.00;0;0.00;0;0.00;0;0.00;0;0.00;0;0.00;0;0.00;0;25.00;2;75.00;6;0.00;0;0.00;0;0.00;0
849;186;3;176;13;57;0;56.45;105;51.14;90;77.19;44;39.78;74;48.86;86;22.81;13;2;11;0;92.38;97;7.62;8;0.00;0;100.00;2;0.00;0;0.00;0;67.57;50;32.43;24;0.04;8;0.33;1;0.00;0;95.56;86;4.44;4;0.00;0;100.00;11;0.00;0;0.00;0;69.77;60;30.23;26;0.01;1;0.15;2;0.00;0;100.00;44;0.00;0;0.00;0;0.00;0;0.00;0;0.00;0;46.15;6;53.85;7;0.00;0;0.00;0;0.00;0
853;3267;40;3200;107;512;2;18.61;608;31.84;1019;29.49;151;78.42;2562;64.34;2059;69.92;358;32;81;1;66.78;406;33.22;202;0.00;0;12.50;4;81.25;26;6.25;2;50.00;1281;50.00;1281;0.05;153;0.20;8;0.00;0;75.96;774;23.85;243;0.20;2;82.72;67;14.81;12;2.47;2;42.30;871;57.70;1188;0.06;178;0.24;26;0.00;0;89.40;135;10.60;16;0.00;0;100.00;1;0.00;0;0.00;0;58.66;210;41.34;148;0.02;10;0.50;1;0.00;0
857;2204;33;2155;82;256;0;15.65;345;30.81;664;32.42;83;83.21;1834;65.66;1415;67.58;173;27;52;0;60.87;210;39.13;135;0.00;0;18.52;5;81.48;22;0.00;0;51.36;942;48.64;892;0.02;54;0.18;6;0.00;0;77.71;516;21.54;143;0.75;5;69.23;36;28.85;15;1.92;1;40.49;573;59.51;842;0.05;105;0.37;30;0.00;0;89.16;74;10.84;9;0.00;0;0.00;0;0.00;0;0.00;0;50.29;87;49.71;86;0.01;2;0.00;0;0.00;0
864;6747;76;6549;274;1252;4;48.01;3239;43.01;2817;52.40;656;50.07;3378;53.38;3496;46.88;587;55;214;2;90.00;2915;10.00;324;0.00;0;41.82;23;56.36;31;1.82;1;62.97;2127;37.03;1251;0.02;167;0.28;21;0.00;0;90.24;2542;9.73;274;0.04;1;78.50;168;21.03;45;0.47;1;62.79;2195;37.21;1301;0.04;273;0.22;60;0.00;0;97.26;638;2.74;18;0.00;0;100.00;2;0.00;0;0.00;0;60.65;356;39.35;231;0.01;12;0.50;2;0.00;0
871;2557;12;2536;33;413;0;31.68;810;33.99;862;38.98;161;67.27;1720;63.80;1618;61.50;254;10;27;0;86.54;701;13.46;109;0.00;0;10.00;1;90.00;9;0.00;0;54.59;939;45.41;781;0.02;59;0.17;2;0.00;0;86.19;743;13.81;119;0.00;0;74.07;20;25.93;7;0.00;0;57.79;935;42.21;683;0.03;88;0.18;6;0.00;0;94.41;152;5.59;9;0.00;0;0.00;0;0.00;0;0.00;0;53.54;136;46.46;118;0.00;0;0.00;0;0.00;0
900;2988;47;2850;185;680;1;39.42;1178;44.88;1279;50.59;344;58.67;1753;52.67;1501;48.97;333;41;143;0;80.73;951;19.27;227;0.00;0;31.71;13;68.29;28;0.00;0;48.77;855;51.23;898;0.02;58;0.13;6;0.00;0;84.99;1087;15.01;192;0.00;0;83.22;119;16.78;24;0.00;0;62.76;942;37.24;559;0.02;71;0.23;42;0.00;0;90.70;312;9.30;32;0.00;0;0.00;0;0.00;0;0.00;0;30.33;101;69.67;232;0.00;3;1.00;1;0.00;0
902;487;5;465;27;92;0;8.83;43;29.25;136;25.00;23;89.73;437;69.25;322;77.17;71;4;20;0;72.09;31;27.91;12;0.00;0;50.00;2;50.00;2;0.00;0;40.50;177;59.50;260;0.02;11;0.20;1;0.00;0;81.62;111;18.38;25;0.00;0;55.00;11;45.00;9;0.00;0;41.61;134;58.39;188;0.02;11;0.26;7;0.00;0;78.26;18;21.74;5;0.00;0;0.00;0;0.00;0;0.00;0;22.54;16;77.46;55;0.00;0;0.00;0;0.00;0
903;46;0;46;0;14;0;0.00;0;6.52;3;0.00;0;102.17;47;102.17;47;100.00;14;0;0;0;0.00;0;0.00;0;0.00;0;0.00;0;0.00;0;0.00;0;59.57;28;40.43;19;0.07;3;0.00;0;0.00;0;66.67;2;33.33;1;0.00;0;0.00;0;0.00;0;0.00;0;57.45;27;42.55;20;0.00;0;0.00;0;0.00;0;0.00;0;0.00;0;0.00;0;0.00;0;0.00;0;0.00;0;42.86;6;57.14;8;0.00;0;0.00;0;0.00;0
904;171;4;155;20;34;0;2.92;5;9.68;15;20.59;7;95.32;163;89.68;139;85.29;29;2;13;0;80.00;4;20.00;1;0.00;0;100.00;2;0.00;0;0.00;0;27.61;45;72.39;118;0.02;4;0.50;2;0.00;0;73.33;11;26.67;4;0.00;0;38.46;5;61.54;8;0.00;0;53.24;74;46.76;65;0.01;2;0.35;7;0.00;0;71.43;5;28.57;2;0.00;0;0.00;0;0.00;0;0.00;0;27.59;8;72.41;21;0.00;0;0.00;0;0.00;0
905;3239;100;3084;255;630;2;7.78;252;14.11;435;13.97;88;91.26;2956;84.95;2620;86.03;542;65;201;0;54.37;137;45.63;115;0.00;0;7.69;5;92.31;60;0.00;0;37.11;1097;62.89;1859;0.01;42;0.35;35;0.00;0;75.17;327;24.83;108;0.00;0;66.67;134;32.84;66;0.50;1;49.73;1303;50.27;1317;0.01;40;0.21;54;0.00;0;69.32;61;30.68;27;0.00;0;0.00;0;0.00;0;0.00;0;23.43;127;76.57;415;0.00;0;1.00;2;0.00;0
906;35;0;33;2;2;0;34.29;12;39.39;13;0.00;0;65.71;23;57.58;19;100.00;2;0;2;0;66.67;8;33.33;4;0.00;0;0.00;0;0.00;0;0.00;0;65.22;15;34.78;8;0.00;0;0.00;0;0.00;0;84.62;11;15.38;2;0.00;0;100.00;2;0.00;0;0.00;0;52.63;10;47.37;9;0.03;1;0.00;0;0.00;0;0.00;0;0.00;0;0.00;0;0.00;0;0.00;0;0.00;0;0.00;0;100.00;2;0.00;0;0.00;0;0.00;0
907;282;5;257;30;108;5;37.23;105;29.57;76;38.89;42;62.77;177;67.32;173;61.11;66;3;25;5;90.48;95;9.52;10;0.00;0;66.67;2;33.33;1;0.00;0;60.45;107;39.55;70;0.00;0;0.40;2;0.00;0;93.42;71;6.58;5;0.00;0;88.00;22;12.00;3;0.00;0;62.43;108;37.57;65;0.03;8;0.17;5;0.00;0;100.00;42;0.00;0;0.00;0;80.00;4;20.00;1;0.00;0;57.58;38;42.42;28;0.00;0;0.00;0;0.00;0
908;1604;24;1519;109;540;8;57.17;917;41.67;633;63.70;344;42.21;677;57.80;878;35.93;194;17;92;6;96.51;885;3.38;31;0.11;1;47.06;8;52.94;9;0.00;0;71.79;486;28.21;191;0.01;11;0.29;7;0.00;0;94.63;599;5.37;34;0.00;0;89.13;82;9.78;9;1.09;1;72.89;640;27.11;238;0.01;9;0.16;17;0.00;0;98.55;339;1.45;5;0.00;0;66.67;4;33.33;2;0.00;0;28.87;56;71.13;138;0.00;2;0.25;2;0.00;0
909;47;0;42;5;21;0;51.06;24;52.38;22;80.95;17;46.81;22;47.62;20;19.05;4;0;5;0;100.00;24;0.00;0;0.00;0;0.00;0;0.00;0;0.00;0;72.73;16;27.27;6;0.02;1;0.00;0;0.00;0;100.00;22;0.00;0;0.00;0;100.00;5;0.00;0;0.00;0;75.00;15;25.00;5;0.00;0;0.00;0;0.00;0;100.00;17;0.00;0;0.00;0;0.00;0;0.00;0;0.00;0;100.00;4;0.00;0;0.00;0;0.00;0;0.00;0
910;84;9;70;23;27;4;32.14;27;30.00;21;55.56;15;67.86;57;70.00;49;44.44;12;6;20;2;88.89;24;11.11;3;0.00;0;50.00;3;50.00;3;0.00;0;78.95;45;21.05;12;0.00;0;0.33;3;0.00;0;90.48;19;9.52;2;0.00;0;95.00;19;5.00;1;0.00;0;55.10;27;44.90;22;0.00;0;0.13;3;0.00;0;100.00;15;0.00;0;0.00;0;100.00;2;0.00;0;0.00;0;58.33;7;41.67;5;0.00;0;0.50;2;0.00;0
911;187;6;180;13;53;0;32.09;60;41.11;74;50.94;27;66.84;125;59.44;107;49.06;26;6;12;0;90.00;54;10.00;6;0.00;0;0.00;0;100.00;6;0.00;0;52.00;65;48.00;60;0.03;5;0.00;0;0.00;0;98.65;73;1.35;1;0.00;0;58.33;7;41.67;5;0.00;0;65.42;70;34.58;37;0.01;2;0.08;1;0.00;0;92.59;25;7.41;2;0.00;0;0.00;0;0.00;0;0.00;0;30.77;8;69.23;18;0.00;0;0.00;0;0.00;0
912;71;0;70;1;18;0;43.66;31;32.86;23;77.78;14;53.52;38;62.86;44;11.11;2;0;1;0;80.65;25;19.35;6;0.00;0;0.00;0;0.00;0;0.00;0;63.16;24;36.84;14;0.03;2;0.00;0;0.00;0;95.65;22;4.35;1;0.00;0;100.00;1;0.00;0;0.00;0;52.27;23;47.73;21;0.04;3;0.00;0;0.00;0;100.00;14;0.00;0;0.00;0;0.00;0;0.00;0;0.00;0;0.00;0;100.00;2;0.11;2;0.00;0;0.00;0
913;146;4;147;3;26;0;55.48;81;51.02;75;76.92;20;43.84;64;47.62;70;23.08;6;3;2;0;93.83;76;6.17;5;0.00;0;33.33;1;66.67;2;0.00;0;56.25;36;43.75;28;0.01;1;0.25;1;0.00;0;97.33;73;2.67;2;0.00;0;100.00;2;0.00;0;0.00;0;72.86;51;27.14;19;0.01;2;0.33;1;0.00;0;100.00;20;0.00;0;0.00;0;0.00;0;0.00;0;0.00;0;16.67;1;83.33;5;0.00;0;0.00;0;0.00;0
914;546;26;514;58;184;16;37.00;202;29.38;151;54.89;101;63.19;345;70.82;364;47.28;87;17;47;8;97.52;197;2.48;5;0.00;0;23.53;4;76.47;13;0.00;0;55.07;190;44.93;155;0.00;2;0.35;9;0.00;0;90.07;136;9.93;15;0.00;0;87.23;41;12.77;6;0.00;0;72.25;263;27.75;101;0.00;2;0.19;11;0.00;0;98.02;99;1.98;2;0.00;0;12.50;1;87.50;7;0.00;0;55.17;48;44.83;39;0.00;0;0.50;8;0.00;0
915;2381;40;2263;158;496;5;12.52;298;26.82;607;22.98;114;86.85;2068;71.85;1626;76.81;381;35;129;3;66.11;197;33.89;101;0.00;0;17.14;6;82.86;29;0.00;0;47.10;974;52.90;1094;0.01;19;0.12;5;0.00;0;87.64;532;12.36;75;0.00;0;75.97;98;24.03;31;0.00;0;60.52;984;39.48;642;0.02;34;0.18;29;0.00;0;87.72;100;12.28;14;0.00;0;33.33;1;66.67;2;0.00;0;41.21;157;58.79;224;0.00;1;0.40;2;0.00;0
917;776;10;754;32;120;0;48.07;373;44.43;335;49.17;59;50.13;389;54.38;410;50.83;61;10;25;0;89.54;334;10.46;39;0.00;0;40.00;4;60.00;6;0.00;0;52.19;203;47.81;186;0.02;15;0.00;0;0.00;0;89.85;301;10.15;34;0.00;0;88.00;22;12.00;3;0.00;0;61.95;254;38.05;156;0.01;10;0.22;7;0.00;0;91.53;54;8.47;5;0.00;0;0.00;0;0.00;0;0.00;0;47.54;29;52.46;32;0.00;0;0.00;0;0.00;0
918;2593;49;2504;138;537;1;12.77;331;25.72;644;29.98;161;86.00;2230;72.84;1824;70.02;376;37;102;0;62.24;206;37.76;125;0.00;0;13.51;5;86.49;32;0.00;0;48.07;1072;51.93;1158;0.01;38;0.24;12;0.00;0;84.16;542;15.68;101;0.16;1;70.59;72;28.43;29;0.98;1;60.53;1104;39.47;720;0.02;42;0.26;36;0.00;0;86.34;139;13.66;22;0.00;0;0.00;0;0.00;0;0.00;0;32.98;124;67.02;252;0.00;0;1.00;1;0.00;0
919;119;0;116;3;28;0;7.56;9;6.03;7;17.86;5;92.44;110;93.97;109;82.14;23;0;2;0;66.67;6;33.33;3;0.00;0;0.00;0;0.00;0;0.00;0;50.00;55;50.00;55;0.00;0;0.00;0;0.00;0;100.00;7;0.00;0;0.00;0;100.00;2;0.00;0;0.00;0;56.88;62;43.12;47;0.00;0;0.33;1;0.00;0;60.00;3;40.00;2;0.00;0;0.00;0;0.00;0;0.00;0;21.74;5;78.26;18;0.00;0;0.00;0;0.00;0
920;0;0;0;0;1;0;0.00;0;0.00;0;0.00;0;0.00;0;0.00;0;100.00;1;0;0;0;0.00;0;0.00;0;0.00;0;0.00;0;0.00;0;0.00;0;0.00;0;0.00;0;0.00;0;0.00;0;0.00;0;0.00;0;0.00;0;0.00;0;0.00;0;0.00;0;0.00;0;0.00;0;0.00;0;0.00;0;0.00;0;0.00;0;0.00;0;0.00;0;0.00;0;0.00;0;0.00;0;0.00;0;100.00;1;0.00;0;0.00;0;0.00;0;0.00;0
921;818;23;771;70;124;1;24.94;204;33.46;258;41.94;52;72.86;596;64.98;501;58.06;72;15;54;1;61.76;126;38.24;78;0.00;0;6.67;1;93.33;14;0.00;0;52.01;310;47.99;286;0.03;21;0.35;8;0.00;0;80.23;207;19.77;51;0.00;0;77.78;42;22.22;12;0.00;0;52.10;261;47.90;240;0.02;15;0.23;16;0.00;0;94.23;49;5.77;3;0.00;0;100.00;1;0.00;0;0.00;0;44.44;32;55.56;40;0.00;0;0.00;0;0.00;0
922;898;34;844;88;115;0;36.19;325;35.07;296;41.74;48;61.25;550;63.98;540;57.39;66;30;78;0;78.15;254;21.85;71;0.00;0;40.00;12;60.00;18;0.00;0;56.55;311;43.45;239;0.03;27;0.12;4;0.00;0;86.82;257;13.18;39;0.00;0;79.49;62;17.95;14;2.56;2;69.63;376;30.37;164;0.01;12;0.11;10;0.00;0;89.58;43;10.42;5;0.00;0;0.00;0;0.00;0;0.00;0;31.82;21;68.18;45;0.01;1;0.00;0;0.00;0
924;1115;10;1075;50;196;0;53.63;598;55.63;598;65.31;128;43.95;490;41.58;447;34.18;67;10;43;0;88.63;530;11.37;68;0.00;0;40.00;4;60.00;6;0.00;0;64.90;318;35.10;172;0.03;28;0.00;0;0.00;0;88.80;531;11.20;67;0.00;0;79.07;34;20.93;9;0.00;0;70.92;317;29.08;130;0.03;31;0.14;7;0.00;0;75.00;96;25.00;32;0.00;0;0.00;0;0.00;0;0.00;0;52.24;35;47.76;32;0.01;1;0.00;0;0.00;0
925;446;29;401;74;228;7;38.57;172;35.16;141;60.09;137;60.76;271;64.59;259;39.91;91;28;66;6;90.70;156;9.30;16;0.00;0;14.29;4;85.71;24;0.00;0;56.83;154;43.17;117;0.01;4;0.03;1;0.00;0;93.62;132;6.38;9;0.00;0;80.30;53;19.70;13;0.00;0;68.73;178;31.27;81;0.00;2;0.11;8;0.00;0;97.81;134;2.19;3;0.00;0;0.00;0;100.00;6;0.00;0;26.37;24;73.63;67;0.00;0;0.14;1;0.00;0
926;246;6;228;24;157;0;33.33;82;49.56;113;49.68;78;65.85;162;49.12;112;49.68;78;5;22;0;89.02;73;10.98;9;0.00;0;0.00;0;100.00;5;0.00;0;44.44;72;55.56;90;0.01;3;0.17;1;0.00;0;91.15;103;8.85;10;0.00;0;72.73;16;27.27;6;0.00;0;58.04;65;41.96;47;0.02;4;0.08;2;0.00;0;96.15;75;3.85;3;0.00;0;0.00;0;0.00;0;0.00;0;7.69;6;92.31;72;0.01;1;0.00;0;0.00;0
927;174;3;162;15;71;1;50.57;88;50.62;82;63.38;45;48.28;84;45.68;74;35.21;25;3;13;1;93.18;82;6.82;6;0.00;0;0.00;0;100.00;3;0.00;0;47.62;40;52.38;44;0.01;2;0.00;0;0.00;0;86.59;71;13.41;11;0.00;0;76.92;10;23.08;3;0.00;0;60.81;45;39.19;29;0.04;6;0.13;2;0.00;0;93.33;42;6.67;3;0.00;0;0.00;0;100.00;1;0.00;0;20.00;5;80.00;20;0.01;1;0.00;0;0.00;0
929;41;4;40;5;11;0;39.02;16;45.00;18;54.55;6;60.98;25;55.00;22;45.45;5;0;5;0;100.00;16;0.00;0;0.00;0;0.00;0;0.00;0;0.00;0;84.00;21;16.00;4;0.00;0;1.00;4;0.00;0;100.00;18;0.00;0;0.00;0;60.00;3;40.00;2;0.00;0;50.00;11;50.00;11;0.00;0;0.00;0;0.00;0;100.00;6;0.00;0;0.00;0;0.00;0;0.00;0;0.00;0;40.00;2;60.00;3;0.00;0;0.00;0;0.00;0
932;3;1;3;1;0;0;0.00;0;33.33;1;0.00;0;100.00;3;66.67;2;0.00;0;1;0;0;0.00;0;0.00;0;0.00;0;0.00;0;100.00;1;0.00;0;66.67;2;33.33;1;0.00;0;0.00;0;0.00;0;100.00;1;0.00;0;0.00;0;0.00;0;0.00;0;0.00;0;0.00;0;100.00;2;0.00;0;1.00;1;0.00;0;0.00;0;0.00;0;0.00;0;0.00;0;0.00;0;0.00;0;0.00;0;0.00;0;0.00;0;0.00;0;0.00;0
936;4;0;4;0;0;0;0.00;0;100.00;4;0.00;0;100.00;4;0.00;0;0.00;0;0;0;0;0.00;0;0.00;0;0.00;0;0.00;0;0.00;0;0.00;0;50.00;2;50.00;2;0.00;0;0.00;0;0.00;0;100.00;4;0.00;0;0.00;0;0.00;0;0.00;0;0.00;0;0.00;0;0.00;0;0.00;0;0.00;0;0.00;0;0.00;0;0.00;0;0.00;0;0.00;0;0.00;0;0.00;0;0.00;0;0.00;0;0.00;0;0.00;0;0.00;0
938;12;0;10;2;5;0;83.33;10;60.00;6;60.00;3;16.67;2;40.00;4;40.00;2;0;2;0;100.00;10;0.00;0;0.00;0;0.00;0;0.00;0;0.00;0;100.00;2;0.00;0;0.00;0;0.00;0;0.00;0;100.00;6;0.00;0;0.00;0;100.00;2;0.00;0;0.00;0;100.00;4;0.00;0;0.00;0;0.00;0;0.00;0;100.00;3;0.00;0;0.00;0;0.00;0;0.00;0;0.00;0;100.00;2;0.00;0;0.00;0;0.00;0;0.00;0
940;10;2;12;0;2;0;30.00;3;58.33;7;0.00;0;70.00;7;41.67;5;100.00;2;2;0;0;100.00;3;0.00;0;0.00;0;0.00;0;100.00;2;0.00;0;42.86;3;57.14;4;0.00;0;0.00;0;0.00;0;100.00;7;0.00;0;0.00;0;0.00;0;0.00;0;0.00;0;40.00;2;60.00;3;0.00;0;0.00;0;0.00;0;0.00;0;0.00;0;0.00;0;0.00;0;0.00;0;0.00;0;100.00;2;0.00;0;0.00;0;0.00;0;0.00;0
945;675;13;665;23;213;1;6.22;42;18.50;123;14.08;30;92.89;627;81.20;540;85.92;183;8;22;0;42.86;18;57.14;24;0.00;0;12.50;1;87.50;7;0.00;0;32.54;204;67.46;423;0.02;12;0.38;5;0.00;0;60.98;75;39.02;48;0.00;0;72.73;16;27.27;6;0.00;0;48.89;264;51.11;276;0.01;8;0.04;1;0.00;0;53.33;16;46.67;14;0.00;0;0.00;0;0.00;0;0.00;0;16.39;30;83.61;153;0.00;0;1.00;1;0.00;0
953;17;0;17;0;3;0;35.29;6;64.71;11;33.33;1;58.82;10;29.41;5;66.67;2;0;0;0;83.33;5;16.67;1;0.00;0;0.00;0;0.00;0;0.00;0;50.00;5;50.00;5;0.06;1;0.00;0;0.00;0;72.73;8;27.27;3;0.00;0;0.00;0;0.00;0;0.00;0;40.00;2;60.00;3;0.06;1;0.00;0;0.00;0;0.00;0;100.00;1;0.00;0;0.00;0;0.00;0;0.00;0;50.00;1;50.00;1;0.00;0;0.00;0;0.00;0
954;147;15;135;27;83;7;39.46;58;44.44;60;50.60;42;61.22;90;54.81;74;50.60;42;8;22;5;89.66;52;10.34;6;0.00;0;25.00;2;75.00;6;0.00;0;55.56;50;44.44;40;0.01;1;0.47;7;0.00;0;93.33;56;6.67;4;0.00;0;63.64;14;36.36;8;0.00;0;81.08;60;18.92;14;0.02;3;0.19;5;0.00;0;97.62;41;2.38;1;0.00;0;0.00;0;100.00;5;0.00;0;14.29;6;85.71;36;0.00;0;0.29;2;0.00;0
955;56;6;52;10;32;1;46.43;26;42.31;22;78.12;25;53.57;30;55.77;29;21.88;7;4;9;0;96.15;25;3.85;1;0.00;0;0.00;0;100.00;4;0.00;0;76.67;23;23.33;7;0.00;0;0.33;2;0.00;0;81.82;18;18.18;4;0.00;0;100.00;9;0.00;0;0.00;0;68.97;20;31.03;9;0.02;1;0.10;1;0.00;0;96.00;24;4.00;1;0.00;0;0.00;0;0.00;0;0.00;0;28.57;2;71.43;5;0.00;0;1.00;1;0.00;0
956;74;10;60;24;37;4;45.95;34;66.67;40;70.27;26;52.70;39;33.33;20;29.73;11;8;21;1;94.12;32;5.88;2;0.00;0;25.00;2;75.00;6;0.00;0;71.79;28;28.21;11;0.01;1;0.20;2;0.00;0;95.00;38;5.00;2;0.00;0;90.48;19;9.52;2;0.00;0;85.00;17;15.00;3;0.00;0;0.12;3;0.00;0;100.00;26;0.00;0;0.00;0;0.00;0;100.00;1;0.00;0;18.18;2;81.82;9;0.00;0;0.75;3;0.00;0
957;145;1;140;6;33;0;35.17;51;48.57;68;45.45;15;60.69;88;49.29;69;51.52;17;0;5;0;80.39;41;19.61;10;0.00;0;0.00;0;0.00;0;0.00;0;46.59;41;53.41;47;0.04;6;1.00;1;0.00;0;82.35;56;17.65;12;0.00;0;80.00;4;20.00;1;0.00;0;56.52;39;43.48;30;0.02;3;0.17;1;0.00;0;100.00;15;0.00;0;0.00;0;0.00;0;0.00;0;0.00;0;23.53;4;76.47;13;0.03;1;0.00;0;0.00;0
958;4;0;4;0;1;0;75.00;3;50.00;2;0.00;0;25.00;1;25.00;1;100.00;1;0;0;0;100.00;3;0.00;0;0.00;0;0.00;0;0.00;0;0.00;0;0.00;0;100.00;1;0.00;0;0.00;0;0.00;0;50.00;1;50.00;1;0.00;0;0.00;0;0.00;0;0.00;0;0.00;0;100.00;1;0.25;1;0.00;0;0.00;0;0.00;0;0.00;0;0.00;0;0.00;0;0.00;0;0.00;0;0.00;0;100.00;1;0.00;0;0.00;0;0.00;0
2379;381;8;361;28;53;1;45.67;174;38.50;139;64.15;34;52.23;199;59.00;213;37.74;20;7;23;0;91.95;160;7.47;13;0.57;1;57.14;4;42.86;3;0.00;0;63.32;126;36.68;73;0.02;9;0.12;1;0.00;0;84.17;117;10.79;15;5.04;7;82.61;19;8.70;2;8.70;2;79.34;169;20.66;44;0.03;10;0.18;5;0.00;0;88.24;30;11.76;4;0.00;0;0.00;0;0.00;0;0.00;0;65.00;13;35.00;7;0.00;0;1.00;1;0.00;0
4341;2;0;2;0;1;0;0.00;0;0.00;0;0.00;0;100.00;2;100.00;2;100.00;1;0;0;0;0.00;0;0.00;0;0.00;0;0.00;0;0.00;0;0.00;0;100.00;2;0.00;0;0.00;0;0.00;0;0.00;0;0.00;0;0.00;0;0.00;0;0.00;0;0.00;0;0.00;0;100.00;2;0.00;0;0.00;0;0.00;0;0.00;0;0.00;0;0.00;0;0.00;0;0.00;0;0.00;0;0.00;0;100.00;1;0.00;0;0.00;0;0.00;0;0.00;0
16384;35;1;32;4;14;0;0.00;0;6.25;2;7.14;1;105.71;37;100.00;32;100.00;14;1;4;0;0.00;0;0.00;0;0.00;0;100.00;1;0.00;0;0.00;0;97.30;36;2.70;1;0.00;0;0.00;0;0.00;0;100.00;2;0.00;0;0.00;0;100.00;4;0.00;0;0.00;0;93.75;30;6.25;2;0.00;0;0.00;0;0.00;0;100.00;1;0.00;0;0.00;0;0.00;0;0.00;0;0.00;0;85.71;12;14.29;2;0.00;0;0.00;0;0.00;0
16640;0;0;0;0;2;0;0.00;0;0.00;0;0.00;0;0.00;0;0.00;0;100.00;2;0;0;0;0.00;0;0.00;0;0.00;0;0.00;0;0.00;0;0.00;0;0.00;0;0.00;0;0.00;0;0.00;0;0.00;0;0.00;0;0.00;0;0.00;0;0.00;0;0.00;0;0.00;0;0.00;0;0.00;0;0.00;0;0.00;0;0.00;0;0.00;0;0.00;0;0.00;0;0.00;0;0.00;0;0.00;0;100.00;2;0.00;0;0.00;0;0.00;0;0.00;0
16896;0;0;0;0;1;0;0.00;0;0.00;0;0.00;0;0.00;0;0.00;0;100.00;1;0;0;0;0.00;0;0.00;0;0.00;0;0.00;0;0.00;0;0.00;0;0.00;0;0.00;0;0.00;0;0.00;0;0.00;0;0.00;0;0.00;0;0.00;0;0.00;0;0.00;0;0.00;0;0.00;0;0.00;0;0.00;0;0.00;0;0.00;0;0.00;0;0.00;0;0.00;0;0.00;0;0.00;0;0.00;0;100.00;1;0.00;0;0.00;0;0.00;0;0.00;0
20480;1;0;1;0;0;0;100.00;1;0.00;0;0.00;0;100.00;1;200.00;2;0.00;0;0;0;0;100.00;1;0.00;0;0.00;0;0.00;0;0.00;0;0.00;0;100.00;1;0.00;0;0.00;0;0.00;0;0.00;0;0.00;0;0.00;0;0.00;0;0.00;0;0.00;0;0.00;0;100.00;2;0.00;0;0.00;0;0.00;0;0.00;0;0.00;0;0.00;0;0.00;0;0.00;0;0.00;0;0.00;0;0.00;0;0.00;0;0.00;0;0.00;0;0.00;0
30004;5577;27;5466;138;1445;1;48.56;2708;47.20;2580;64.01;925;50.21;2800;51.56;2818;35.57;514;22;118;1;89.11;2413;10.89;295;0.00;0;31.82;7;68.18;15;0.00;0;57.43;1608;42.57;1192;0.02;85;0.19;5;0.00;0;87.83;2266;12.17;314;0.00;0;83.90;99;16.10;19;0.00;0;65.54;1847;34.46;971;0.02;84;0.14;20;0.00;0;90.16;834;9.84;91;0.00;0;100.00;1;0.00;0;0.00;0;43.39;223;56.61;291;0.00;6;0.00;0;0.00;0
